{
    "privacy_budget": {
        "PH1_num": {
            "usa_A-G": 0.002619,
            "usa_H,I": 0.002619,
            "usa_*": 0.002619,
            "state_A-G": 0.141622,
            "state_H,I": 0.016371,
            "state_*": 0.016371
        },
        "PH1_denom": {
            "usa_A-G": 0.000022,
            "usa_H,I": 0.000022,
            "usa_*": 0.000022,
            "state_A-G": 0.001170,
            "state_H,I": 0.000135,
            "state_*": 0.000135
        },
        "PH2": {
            "usa_*": 0.002619,
            "state_*": 0.016371
        },
        "PH3": {
            "usa_A-G": 0.001061,
            "usa_H,I": 0.001061,
            "usa_*": 0.001061,
            "state_A-G": 0.662976,
            "state_H,I": 0.006630,
            "state_*": 0.006630
        },
        "PH4": {
            "usa_A-G": 0.002619,
            "usa_H,I": 0.002619,
            "usa_*": 0.002619,
            "state_A-G": 0.141622,
            "state_H,I": 0.016371,
            "state_*": 0.016371
        },
        "PH5_denom": {
            "usa_A-G": 0.000022,
            "usa_H,I": 0.000022,
            "usa_*": 0.000022,
            "state_A-G": 0.001170,
            "state_H,I": 0.000135,
            "state_*": 0.000135
        },
        "PH6": {
            "usa_*": 0.001061,
            "state_*": 0.006630
        },
        "PH7": {
            "usa_A-G": 0.002619,
            "usa_H,I": 0.002619,
            "usa_*": 0.002619,
            "state_A-G": 0.141622,
            "state_H,I": 0.016371,
            "state_*": 0.016371
        },
        "PH8_denom": {
            "usa_A-G": 0.000022,
            "usa_H,I": 0.000022,
            "usa_*": 0.000022,
            "state_A-G": 0.001170,
            "state_H,I": 0.000135,
            "state_*": 0.000135
        }
    },
    "tau": {
        "PH1_num": 10,
        "PH2": 10,
        "PH3": 6,
        "PH4": 10,
        "PH6": 6,
        "PH7": 10
    },
    "state_filter": [
        "09",
        "23",
        "25",
        "33",
        "44",
        "50",
        "34",
        "36",
        "42",
        "17",
        "18",
        "26",
        "39",
        "55",
        "19",
        "20",
        "27",
        "29",
        "31",
        "38",
        "46",
        "10",
        "11",
        "12",
        "13",
        "24",
        "37",
        "45",
        "51",
        "54",
        "01",
        "21",
        "28",
        "47",
        "05",
        "22",
        "40",
        "48",
        "04",
        "08",
        "16",
        "30",
        "32",
        "35",
        "49",
        "56",
        "02",
        "06",
        "15",
        "41",
        "53"
    ],
    "reader": "cef",
    "privacy_defn": "zcdp"
}